103764	I1	-	repI1(-)	ardA(-)	trbA(-)	sogS(-)	pilL(-)
111396	I1	58	repI1(1)	ardA(2)	trbA(17)	sogS(1)	pilL(7)
12zCTX	I1	3	repI1(2)	ardA(1)	trbA(4)	sogS(1)	pilL(2)
142661	I1	166	repI1(1)	ardA(3)	trbA(8)	sogS(1)	pilL(6)
142897	I1	-	repI1(1)	ardA(~4)	trbA(17)	sogS(1)	pilL(7)
1541m1	I1	-	repI1(-)	ardA(-)	trbA(-)	sogS(-)	pilL(-)
1553m1	I1	-	repI1(-)	ardA(-)	trbA(-)	sogS(-)	pilL(-)
1560m1	I1	-	repI1(-)	ardA(-)	trbA(-)	sogS(-)	pilL(-)
1568m1	I1	-	repI1(-)	ardA(-)	trbA(-)	sogS(-)	pilL(-)
1824H	I1	-	repI1(-)	ardA(-)	trbA(-)	sogS(-)	pilL(-)
1585m1	I1	-	repI1(-)	ardA(-)	trbA(-)	sogS(-)	pilL(-)
1586m1	I1	-	repI1(-)	ardA(-)	trbA(-)	sogS(-)	pilL(-)
1605m1	I1	-	repI1(-)	ardA(-)	trbA(-)	sogS(-)	pilL(-)
1657m1	I1	-	repI1(-)	ardA(-)	trbA(-)	sogS(-)	pilL(-)
1680m1	I1	-	repI1(-)	ardA(-)	trbA(-)	sogS(-)	pilL(-)
2009_49	I1	-	repI1(-)	ardA(-)	trbA(-)	sogS(-)	pilL(-)
20098	I1	31	repI1(3)	ardA(4)	trbA(6)	sogS(3)	pilL(3)
2063	I1	-	repI1(-)	ardA(-)	trbA(-)	sogS(-)	pilL(-)
2067	I1	-	repI1(-)	ardA(-)	trbA(-)	sogS(-)	pilL(-)
2078	I1	12	repI1(1)	ardA(4)	trbA(3)	sogS(4)	pilL(1)
2183	I1	2	repI1(1)	ardA(2)	trbA(3)	sogS(2)	pilL(1)
2203	I1	12	repI1(1)	ardA(4)	trbA(3)	sogS(4)	pilL(1)
26497	I1	3	repI1(2)	ardA(1)	trbA(4)	sogS(1)	pilL(2)
27116	I1	-	repI1(-)	ardA(-)	trbA(-)	sogS(-)	pilL(-)
28137	I1	-	repI1(-)	ardA(-)	trbA(-)	sogS(-)	pilL(-)
29184	I1	154	repI1(1)	ardA(3)	trbA(8)	sogS(10)	pilL(10)
29817	I1	-	repI1(-)	ardA(-)	trbA(-)	sogS(-)	pilL(-)
30372	I1	-	repI1(-)	ardA(-)	trbA(-)	sogS(-)	pilL(-)
30CTX	I1	3	repI1(2)	ardA(1)	trbA(4)	sogS(1)	pilL(2)
31479	I1	-	repI1(-)	ardA(-)	trbA(-)	sogS(-)	pilL(-)
32068	I1	-	repI1(2)	ardA(35?)	trbA(4)	sogS(1)	pilL(2)
32153	I1	-	repI1(-)	ardA(-)	trbA(-)	sogS(-)	pilL(-)
32205	I1	-	repI1(-)	ardA(29)	trbA(-)	sogS(-)	pilL(-)
3523	I1	3	repI1(2)	ardA(1)	trbA(4)	sogS(1)	pilL(2)
4365	I1	-	repI1(-)	ardA(-)	trbA(-)	sogS(-)	pilL(-)
4381	I1	12	repI1(1)	ardA(4)	trbA(3)	sogS(4)	pilL(1)
4438	I1	-	repI1(-)	ardA(-)	trbA(-)	sogS(-)	pilL(-)
46149	I1	-	repI1(-)	ardA(-)	trbA(-)	sogS(-)	pilL(-)
47711	I1	154	repI1(1)	ardA(3)	trbA(8)	sogS(10)	pilL(10)
9162ESCO	I1	-	repI1(-)	ardA(6)	trbA(-)	sogS(-)	pilL(-)
AD741	I1	-	repI1(-)	ardA(-)	trbA(-)	sogS(-)	pilL(-)
AD742	I1	12	repI1(1)	ardA(4)	trbA(3)	sogS(4)	pilL(1)
AVC193	I1	-	repI1(-)	ardA(-)	trbA(-)	sogS(-)	pilL(-)
CE145N	I1	23	repI1(1)	ardA(2)	trbA(3)	sogS(1)	pilL(1)
CE1568	I1	-	repI1(-)	ardA(-)	trbA(-)	sogS(-)	pilL(-)
CE1605	I1	-	repI1(1)	"ardA(4,6)"	trbA(2)	sogS(9)	pilL(3)
CE1606	I1	-	repI1(1)	"ardA(4,6)"	trbA(2)	sogS(9)	pilL(3)
CE1657	I1	-	repI1(1)	ardA(6)	trbA(2)	sogS(9)	pilL(3)
CE627	I1	-	repI1(-)	ardA(-)	trbA(-)	sogS(-)	pilL(-)
CE701N	I1	-	repI1(-)	ardA(6)	trbA(-)	sogS(-)	pilL(-)
CE70N	I1	23	repI1(1)	ardA(2)	trbA(3)	sogS(1)	pilL(1)
CE91	I1	-	repI1(-)	ardA(-)	trbA(-)	sogS(-)	pilL(-)
CFL3ctx	I1	3	repI1(2)	ardA(1)	trbA(4)	sogS(1)	pilL(2)
CN35ctx	I1	58	repI1(1)	ardA(2)	trbA(17)	sogS(1)	pilL(7)
DRR102547	I1	-	repI1(-)	ardA(-)	trbA(-)	sogS(-)	pilL(-)
DRR102553	I1	-	repI1(-)	ardA(-)	trbA(-)	sogS(-)	pilL(-)
DRR102992	I1	-	repI1(-)	ardA(~33)	trbA(-)	sogS(-)	pilL(-)
DRR103028	I1	-	repI1(-)	ardA(-)	trbA(-)	sogS(-)	pilL(-)
DRR103038	I1	-	repI1(-)	ardA(-)	trbA(-)	sogS(-)	pilL(-)
DRR103054	I1	-	repI1(-)	ardA(-)	trbA(-)	sogS(-)	pilL(-)
DRR103113	I1	-	repI1(-)	ardA(2)	trbA(-)	sogS(-)	pilL(-)
DRR103134	I1	-	repI1(-)	ardA(2)	trbA(-)	sogS(-)	pilL(-)
DRR103151	I1	-	repI1(-)	ardA(-)	trbA(-)	sogS(-)	pilL(-)
DRR103167	I1	-	repI1(-)	ardA(~33)	trbA(-)	sogS(-)	pilL(-)
DRR103192	I1	-	repI1(-)	ardA(-)	trbA(-)	sogS(-)	pilL(-)
DRR103261	I1	-	repI1(4)	ardA(2)	trbA(40)	sogS(3)	pilL(~5)
E0407	I1	-	repI1(-)	ardA(-)	trbA(-)	sogS(-)	pilL(-)
Ec1493	I1	4	repI1(1)	ardA(3)	trbA(3)	sogS(4)	pilL(1)
Ec4011	I1	4	repI1(1)	ardA(3)	trbA(3)	sogS(4)	pilL(1)
Eco1211	I1	-	repI1(-)	ardA(-)	trbA(-)	sogS(-)	pilL(-)
EK2.29	I1	-	repI1(-)	ardA(-)	trbA(-)	sogS(-)	pilL(-)
EK3.44	I1	-	repI1(-)	ardA(-)	trbA(-)	sogS(-)	pilL(-)
ERR1417750	I1	7	repI1(2)	ardA(1)	trbA(5)	sogS(4)	pilL(2)
ERR1512396	I1	-	repI1(-)	ardA(6)	trbA(-)	sogS(-)	pilL(-)
ERR1512494	I1	-	repI1(-)	ardA(-)	trbA(-)	sogS(-)	pilL(-)
ERR1512522	I1	-	repI1(-)	ardA(-)	trbA(-)	sogS(-)	pilL(-)
ERR1656389	I1	-	repI1(1)	ardA(2)	trbA(40)	sogS(1)	pilL(1)
ERR1656401	I1	-	repI1(1)	ardA(2)	trbA(40)	sogS(1)	pilL(1)
ERR1656402	I1	-	repI1(1)	ardA(2)	trbA(40)	sogS(1)	pilL(1)
ERR1656403	I1	-	repI1(1)	ardA(2)	trbA(40)	sogS(1)	pilL(1)
ERR1656410	I1	-	repI1(-)	ardA(-)	trbA(-)	sogS(-)	pilL(-)
ERR1656416	I1	-	repI1(-)	ardA(-)	trbA(-)	sogS(-)	pilL(-)
ERR2019093	I1	3	repI1(2)	ardA(1)	trbA(4)	sogS(1)	pilL(2)
ERR2019113	I1	58	repI1(1)	ardA(2)	trbA(17)	sogS(1)	pilL(7)
ERR2019245	I1	36	repI1(1)	ardA(4)	trbA(2)	sogS(9)	pilL(3)
ERR2019258	I1	-	repI1(-)	ardA(2)	trbA(-)	sogS(-)	pilL(-)
ERR2027622	I1	-	repI1(-)	ardA(-)	trbA(-)	sogS(-)	pilL(-)
ERR2124232	I1	259	repI1(2)	ardA(4)	trbA(5)	sogS(10)	pilL(2)
ERR2124239	I1	-	repI1(1)	ardA(2)	trbA(9)	sogS(3)	pilL(10)
ERR2193922	I1	-	repI1(-)	ardA(-)	trbA(-)	sogS(-)	pilL(-)
ERR2205913	I1	2	repI1(1)	ardA(2)	trbA(3)	sogS(2)	pilL(1)
ERR2205967	I1	23	repI1(1)	ardA(2)	trbA(3)	sogS(1)	pilL(1)
ERR2205972	I1	-	repI1(1)	"ardA(2,2)"	"trbA(3,3)"	sogS(2)	pilL(1)
ERR2205997	I1	2	repI1(1)	ardA(2)	trbA(3)	sogS(2)	pilL(1)
ERR2205998	I1	2	repI1(1)	ardA(2)	trbA(3)	sogS(2)	pilL(1)
ERR2206023	I1	2	repI1(1)	ardA(2)	trbA(3)	sogS(2)	pilL(1)
ERR2820187	I1	-	repI1(-)	ardA(-)	trbA(-)	sogS(-)	pilL(-)
ERR2987523	I1	37	repI1(1)	ardA(8)	trbA(12)	sogS(3)	pilL(7)
ERR2987536	I1	49	repI1(3)	ardA(10)	trbA(3)	sogS(3)	pilL(3)
ERR2987547	I1	-	repI1(-)	ardA(-)	trbA(-)	sogS(-)	pilL(-)
ERR2987551	I1	-	repI1(-)	ardA(-)	trbA(-)	sogS(-)	pilL(-)
ERR2987552	I1	-	repI1(-)	ardA(-)	trbA(-)	sogS(-)	pilL(-)
ERR3040214	I1	-	repI1(-)	ardA(-)	trbA(-)	sogS(-)	pilL(-)
ERR3140352	I1	31	repI1(3)	ardA(4)	trbA(6)	sogS(3)	pilL(3)
ERR3328221	I1	-	repI1(-)	ardA(-)	trbA(-)	sogS(-)	pilL(-)
ERR3328477	I1	-	repI1(-)	ardA(-)	trbA(-)	sogS(-)	pilL(-)
ERR3328879	I1	-	repI1(-)	ardA(-)	trbA(-)	sogS(-)	pilL(-)
ERR3328932	I1	-	repI1(-)	ardA(-)	trbA(-)	sogS(-)	pilL(-)
ERR3328943	I1	-	repI1(-)	ardA(-)	trbA(-)	sogS(-)	pilL(-)
ERR3328953	I1	-	repI1(-)	ardA(-)	trbA(-)	sogS(-)	pilL(-)
ERR3328970	I1	-	repI1(-)	ardA(-)	trbA(-)	sogS(-)	pilL(-)
ERR3329001	I1	-	repI1(-)	ardA(-)	trbA(-)	sogS(-)	pilL(-)
ERR3329074	I1	-	repI1(-)	ardA(-)	trbA(-)	sogS(-)	pilL(-)
ERR3329258	I1	-	repI1(-)	ardA(-)	trbA(-)	sogS(-)	pilL(-)
ERR3329261	I1	-	repI1(-)	ardA(-)	trbA(-)	sogS(-)	pilL(-)
ERR3329361	I1	-	repI1(-)	ardA(-)	trbA(-)	sogS(-)	pilL(-)
ERR3330144	I1	-	repI1(-)	ardA(-)	trbA(-)	sogS(-)	pilL(-)
ERR3330200	I1	-	repI1(-)	ardA(-)	trbA(-)	sogS(-)	pilL(-)
ERR3330254	I1	-	repI1(-)	ardA(-)	trbA(-)	sogS(-)	pilL(-)
ERR3330277	I1	-	repI1(-)	ardA(-)	trbA(-)	sogS(-)	pilL(-)
ERR3330297	I1	-	repI1(-)	ardA(-)	trbA(-)	sogS(-)	pilL(-)
ERR3330300	I1	-	repI1(-)	ardA(-)	trbA(-)	sogS(-)	pilL(-)
ERR3330459	I1	-	repI1(-)	ardA(-)	trbA(-)	sogS(-)	pilL(-)
ERR3330562	I1	-	repI1(-)	ardA(-)	trbA(-)	sogS(-)	pilL(-)
ERR3330583	I1	-	repI1(-)	ardA(-)	trbA(-)	sogS(-)	pilL(-)
ERR3333501	I1	-	repI1(-)	ardA(-)	trbA(-)	sogS(-)	pilL(-)
ERR3333503	I1	-	repI1(-)	ardA(2)	trbA(-)	sogS(-)	pilL(-)
ERR3333512	I1	-	repI1(-)	ardA(-)	trbA(-)	sogS(-)	pilL(-)
ERR3333534	I1	3	repI1(2)	ardA(1)	trbA(4)	sogS(1)	pilL(2)
ERR3333550	I1	-	repI1(-)	ardA(-)	trbA(-)	sogS(-)	pilL(-)
ERR3333582	I1	-	repI1(-)	ardA(-)	trbA(-)	sogS(-)	pilL(-)
ERR3333594	I1	-	repI1(-)	ardA(-)	trbA(-)	sogS(-)	pilL(-)
ERR3333606	I1	-	repI1(-)	ardA(-)	trbA(-)	sogS(-)	pilL(-)
ERR3333607	I1	-	repI1(-)	ardA(-)	trbA(-)	sogS(-)	pilL(-)
ESBL20140011	I1	2	repI1(1)	ardA(2)	trbA(3)	sogS(2)	pilL(1)
ESBL20140051	I1	-	repI1(1)	ardA(38)	trbA(16)	sogS(3)	pilL(33)
ESBL20140168	I1	-	repI1(-)	ardA(-)	trbA(-)	sogS(-)	pilL(-)
ESBL20140304	I1	-	repI1(1)	ardA(38)	trbA(3)	sogS(6)	pilL(2)
ESBL20150330	I1	-	repI1(1)	ardA(38)	trbA(3)	sogS(6)	pilL(2)
ESBL20150343	I1	-	repI1(1)	ardA(2)	trbA(3)	sogS(6)	pilL(3)
ESBL20160204	I1	-	repI1(-)	ardA(-)	trbA(-)	sogS(-)	pilL(-)
ESBL20160351	I1	-	repI1(-)	ardA(-)	trbA(-)	sogS(-)	pilL(-)
ESBL20160365	I1	-	repI1(-)	ardA(-)	trbA(-)	sogS(-)	pilL(-)
ESBL20170243	I1	7	repI1(2)	ardA(1)	trbA(5)	sogS(4)	pilL(2)
ESBL20170337	I1	36	repI1(1)	ardA(4)	trbA(2)	sogS(9)	pilL(3)
ESBL20170358	I1	-	repI1(-)	ardA(-)	trbA(-)	sogS(-)	pilL(-)
ESBL20170423	I1	-	repI1(-)	ardA(-)	trbA(-)	sogS(-)	pilL(-)
ESBL20180248	I1	57	repI1(3)	ardA(2)	trbA(6)	sogS(13)	pilL(8)
ESBL20180309	I1	-	repI1(-)	ardA(2)	trbA(-)	sogS(-)	pilL(-)
ESBL_Ecoli_2.64	I1	12	repI1(1)	ardA(4)	trbA(3)	sogS(4)	pilL(1)
ESBL_Ecoli_4.03	I1	-	repI1(-)	ardA(-)	trbA(-)	sogS(-)	pilL(-)
HOS48	I1	-	repI1(-)	ardA(-)	trbA(-)	sogS(-)	pilL(-)
HP107	I1	3	repI1(2)	ardA(1)	trbA(4)	sogS(1)	pilL(2)
HP131	I1	-	repI1(2)	ardA(1)	trbA(23)	sogS(4)	pilL(3)
HP144	I1	3	repI1(2)	ardA(1)	trbA(4)	sogS(1)	pilL(2)
HP149	I1	-	repI1(2)	ardA(1)	trbA(23)	sogS(4)	pilL(3)
HP150	I1	-	repI1(-)	ardA(6)	trbA(-)	sogS(-)	pilL(-)
HP40	I1	3	repI1(2)	ardA(1)	trbA(4)	sogS(1)	pilL(2)
HP41	I1	113	repI1(1)	ardA(2)	trbA(5)	sogS(10)	pilL(10)
HP71	I1	12	repI1(1)	ardA(4)	trbA(3)	sogS(4)	pilL(1)
HP79	I1	3	repI1(2)	ardA(1)	trbA(4)	sogS(1)	pilL(2)
HP89	I1	3	repI1(2)	ardA(1)	trbA(4)	sogS(1)	pilL(2)
HP90	I1	3	repI1(2)	ardA(1)	trbA(4)	sogS(1)	pilL(2)
HPG4	I1	12	repI1(1)	ardA(4)	trbA(3)	sogS(4)	pilL(1)
HPG79	I1	-	repI1(-)	ardA(-)	trbA(-)	sogS(-)	pilL(-)
HPG98	I1	12	repI1(1)	ardA(4)	trbA(3)	sogS(4)	pilL(1)
IBIS_25	I1	-	repI1(-)	ardA(-)	trbA(-)	sogS(-)	pilL(-)
IBIS_27	I1	-	repI1(-)	ardA(-)	trbA(-)	sogS(-)	pilL(-)
IBIS_28	I1	-	repI1(-)	ardA(-)	trbA(-)	sogS(-)	pilL(-)
IBIS_31	I1	-	repI1(-)	ardA(-)	trbA(-)	sogS(-)	pilL(-)
IBIS_33	I1	-	repI1(-)	ardA(-)	trbA(-)	sogS(-)	pilL(-)
IBIS_34	I1	-	repI1(-)	ardA(-)	trbA(-)	sogS(-)	pilL(-)
IBIS_35	I1	-	repI1(-)	ardA(-)	trbA(-)	sogS(-)	pilL(-)
IBIS_36	I1	-	repI1(-)	ardA(-)	trbA(-)	sogS(-)	pilL(-)
IBIS_37	I1	-	repI1(-)	ardA(-)	trbA(-)	sogS(-)	pilL(-)
IBIS_38	I1	-	repI1(-)	ardA(-)	trbA(-)	sogS(-)	pilL(-)
IBIS_39	I1	-	repI1(-)	ardA(-)	trbA(-)	sogS(-)	pilL(-)
IBIS_40	I1	-	repI1(-)	ardA(-)	trbA(-)	sogS(-)	pilL(-)
IBIS_42	I1	-	repI1(-)	ardA(-)	trbA(-)	sogS(-)	pilL(-)
IBIS_43	I1	-	repI1(-)	ardA(-)	trbA(-)	sogS(-)	pilL(-)
IBIS_45	I1	-	repI1(-)	ardA(-)	trbA(-)	sogS(-)	pilL(-)
IBIS_52	I1	-	repI1(-)	ardA(-)	trbA(-)	sogS(-)	pilL(-)
IBIS_53	I1	-	repI1(-)	ardA(-)	trbA(-)	sogS(-)	pilL(-)
IBIS_54	I1	-	repI1(-)	ardA(-)	trbA(-)	sogS(-)	pilL(-)
IBIS_55	I1	-	repI1(-)	ardA(-)	trbA(-)	sogS(-)	pilL(-)
IBIS_56	I1	-	repI1(-)	ardA(-)	trbA(-)	sogS(-)	pilL(-)
IBIS_57	I1	-	repI1(-)	ardA(-)	trbA(-)	sogS(-)	pilL(-)
IBIS_59	I1	-	repI1(-)	ardA(-)	trbA(-)	sogS(-)	pilL(-)
IBIS_61	I1	-	repI1(-)	ardA(-)	trbA(-)	sogS(-)	pilL(-)
IMT17513	I1	63	repI1(1)	ardA(4)	trbA(5)	sogS(4)	pilL(7)
IMT17548	I1	-	repI1(-)	ardA(-)	trbA(-)	sogS(-)	pilL(-)
IMT17550	I1	-	repI1(-)	ardA(-)	trbA(-)	sogS(-)	pilL(-)
IMT17572	I1	36	repI1(1)	ardA(4)	trbA(2)	sogS(9)	pilL(3)
IMT18276	I1	3	repI1(2)	ardA(1)	trbA(4)	sogS(1)	pilL(2)
IMT18579	I1	-	repI1(4)	ardA(2)	trbA(21)	sogS(3)	pilL(3)
IMT18614	I1	36	repI1(1)	ardA(4)	trbA(2)	sogS(9)	pilL(3)
IMT19550	I1	-	repI1(-)	ardA(-)	trbA(-)	sogS(-)	pilL(-)
IMT20106	I1	-	repI1(-)	ardA(-)	trbA(-)	sogS(-)	pilL(-)
IMT21439	I1	-	repI1(-)	ardA(-)	trbA(-)	sogS(-)	pilL(-)
IMT24109	I1	95	repI1(1)	ardA(17)	trbA(13)	sogS(2)	pilL(1)
IMT24815	I1	31	repI1(3)	ardA(4)	trbA(6)	sogS(3)	pilL(3)
Liv24	I1	12	repI1(1)	ardA(4)	trbA(3)	sogS(4)	pilL(1)
Liv26	I1	12	repI1(1)	ardA(4)	trbA(3)	sogS(4)	pilL(1)
Liv48	I1	12	repI1(1)	ardA(4)	trbA(3)	sogS(4)	pilL(1)
Liv89	I1	-	repI1(1)	"ardA(2,6)"	trbA(23)	sogS(32)	pilL(2)
MI-12-184	I1	2	repI1(1)	ardA(2)	trbA(3)	sogS(2)	pilL(1)
MI-12-427	I1	2	repI1(1)	ardA(2)	trbA(3)	sogS(2)	pilL(1)
MI-12-604	I1	-	repI1(-)	ardA(-)	trbA(-)	sogS(-)	pilL(-)
MI-12-654	I1	2	repI1(1)	ardA(2)	trbA(3)	sogS(2)	pilL(1)
OT_ESBL_0359	I1	3	repI1(2)	ardA(1)	trbA(4)	sogS(1)	pilL(2)
OT_ESBL_0441	I1	-	repI1(1)	ardA(~42)	trbA(17)	sogS(1)	pilL(7)
OT_ESBL_1040	I1	16	repI1(1)	ardA(5)	trbA(10)	sogS(8)	pilL(6)
RE12	I1	-	repI1(-)	ardA(-)	trbA(-)	sogS(-)	pilL(-)
RE13	I1	-	repI1(-)	ardA(-)	trbA(-)	sogS(-)	pilL(-)
RE14	I1	-	repI1(-)	ardA(-)	trbA(-)	sogS(-)	pilL(-)
RE15	I1	-	repI1(-)	ardA(-)	trbA(-)	sogS(-)	pilL(-)
RE16	I1	-	repI1(-)	ardA(-)	trbA(-)	sogS(-)	pilL(-)
RE17	I1	-	repI1(-)	ardA(-)	trbA(-)	sogS(-)	pilL(-)
RE18	I1	-	repI1(-)	ardA(-)	trbA(-)	sogS(-)	pilL(-)
RE1	I1	-	repI1(-)	ardA(-)	trbA(-)	sogS(-)	pilL(-)
RE2	I1	-	repI1(-)	ardA(-)	trbA(-)	sogS(-)	pilL(-)
RE3	I1	-	repI1(-)	ardA(-)	trbA(-)	sogS(-)	pilL(-)
RE5	I1	-	repI1(-)	ardA(-)	trbA(-)	sogS(-)	pilL(-)
RE8	I1	-	repI1(-)	ardA(-)	trbA(-)	sogS(-)	pilL(-)
SafeFoodERA_ESBL_045	I1	-	repI1(-)	ardA(2)	trbA(-)	sogS(-)	pilL(-)
SafeFoodERA_ESBL_097	I1	3	repI1(2)	ardA(1)	trbA(4)	sogS(1)	pilL(2)
SafeFoodERA_ESBL_101	I1	57	repI1(3)	ardA(2)	trbA(6)	sogS(13)	pilL(8)
SafeFoodERA_ESBL_375	I1	-	repI1(2)	ardA(49?)	trbA(5)	sogS(4)	pilL(2)
SafeFoodERA_ESBL_423	I1	178	repI1(1)	ardA(4)	trbA(3)	sogS(18)	pilL(1)
SafeFoodERA_ESBL_582	I1	31	repI1(3)	ardA(4)	trbA(6)	sogS(3)	pilL(3)
SH12c	I1	26	repI1(1)	ardA(4)	trbA(13)	sogS(2)	pilL(1)
SH30c	I1	26	repI1(1)	ardA(4)	trbA(13)	sogS(2)	pilL(1)
SH5c	I1	26	repI1(1)	ardA(4)	trbA(13)	sogS(2)	pilL(1)
SRR10024307	I1	-	repI1(-)	ardA(-)	trbA(-)	sogS(-)	pilL(-)
SRR10040058	I1	-	repI1(-)	ardA(~33)	trbA(-)	sogS(-)	pilL(-)
SRR10040861	I1	-	repI1(-)	ardA(~33)	trbA(-)	sogS(-)	pilL(-)
SRR10049353	I1	-	repI1(-)	ardA(-)	trbA(-)	sogS(-)	pilL(-)
SRR10049720	I1	-	repI1(-)	ardA(-)	trbA(-)	sogS(-)	pilL(-)
SRR10072297	I1	-	repI1(-)	ardA(-)	trbA(-)	sogS(-)	pilL(-)
SRR10072308	I1	-	repI1(-)	ardA(-)	trbA(-)	sogS(-)	pilL(-)
SRR10098854	I1	-	repI1(-)	ardA(-)	trbA(-)	sogS(-)	pilL(-)
SRR10098865	I1	-	repI1(-)	ardA(~6)	trbA(-)	sogS(-)	pilL(-)
SRR10107308	I1	-	repI1(1)	ardA(2)	trbA(40)	sogS(~6)	pilL(2)
SRR10107309	I1	-	repI1(1)	ardA(2)	trbA(40)	sogS(~6)	pilL(2)
SRR10107310	I1	-	repI1(-)	ardA(-)	trbA(-)	sogS(-)	pilL(-)
SRR10107311	I1	-	repI1(-)	ardA(-)	trbA(-)	sogS(-)	pilL(-)
SRR10107312	I1	-	repI1(1)	ardA(2)	trbA(40)	sogS(~6)	pilL(2)
SRR10107323	I1	-	repI1(-)	ardA(-)	trbA(-)	sogS(-)	pilL(-)
SRR10107328	I1	-	repI1(1)	ardA(2)	trbA(40)	sogS(~6)	pilL(2)
SRR10107330	I1	-	repI1(-)	ardA(-)	trbA(-)	sogS(-)	pilL(-)
SRR10107331	I1	-	repI1(-)	ardA(-)	trbA(-)	sogS(-)	pilL(-)
SRR10139656	I1	-	repI1(-)	ardA(-)	trbA(-)	sogS(-)	pilL(-)
SRR10139813	I1	26	repI1(1)	ardA(4)	trbA(13)	sogS(2)	pilL(1)
SRR10140394	I1	12	repI1(1)	ardA(4)	trbA(3)	sogS(4)	pilL(1)
SRR10140404	I1	26	repI1(1)	ardA(4)	trbA(13)	sogS(2)	pilL(1)
SRR10152561	I1	27	repI1(1)	ardA(2)	trbA(13)	sogS(2)	pilL(1)
SRR10156121	I1	-	repI1(-)	ardA(-)	trbA(-)	sogS(-)	pilL(-)
SRR10156126	I1	-	repI1(-)	ardA(-)	trbA(-)	sogS(-)	pilL(-)
SRR10186409	I1	27	repI1(1)	ardA(2)	trbA(13)	sogS(2)	pilL(1)
SRR10186984	I1	-	repI1(-)	ardA(-)	trbA(-)	sogS(-)	pilL(-)
SRR10186998	I1	25	repI1(1)	ardA(4)	trbA(5)	sogS(4)	pilL(1)
SRR10187053	I1	267	repI1(1)	ardA(2)	trbA(3)	sogS(9)	pilL(3)
SRR10225098	I1	-	repI1(-)	ardA(-)	trbA(-)	sogS(-)	pilL(-)
SRR10225101	I1	-	repI1(-)	ardA(-)	trbA(-)	sogS(-)	pilL(-)
SRR10225109	I1	-	repI1(-)	ardA(-)	trbA(-)	sogS(-)	pilL(-)
SRR10240841	I1	-	repI1(-)	ardA(-)	trbA(-)	sogS(-)	pilL(-)
SRR10247475	I1	-	repI1(-)	ardA(-)	trbA(-)	sogS(-)	pilL(-)
SRR10258879	I1	-	repI1(-)	ardA(-)	trbA(-)	sogS(-)	pilL(-)
SRR10267810	I1	-	repI1(-)	ardA(-)	trbA(-)	sogS(-)	pilL(-)
SRR10298225	I1	27	repI1(1)	ardA(2)	trbA(13)	sogS(2)	pilL(1)
SRR10298226	I1	26	repI1(1)	ardA(4)	trbA(13)	sogS(2)	pilL(1)
SRR10325511	I1	-	repI1(-)	ardA(-)	trbA(-)	sogS(-)	pilL(-)
SRR10343262	I1	-	repI1(-)	ardA(-)	trbA(-)	sogS(-)	pilL(-)
SRR10357563	I1	-	repI1(-)	ardA(-)	trbA(-)	sogS(-)	pilL(-)
SRR10360576	I1	-	repI1(-)	ardA(~47)	trbA(-)	sogS(-)	pilL(-)
SRR10420697	I1	-	repI1(-)	ardA(-)	trbA(-)	sogS(-)	pilL(-)
SRR10434797	I1	-	repI1(-)	ardA(-)	trbA(-)	sogS(-)	pilL(-)
SRR10437364	I1	-	repI1(-)	ardA(-)	trbA(-)	sogS(-)	pilL(-)
SRR10501703	I1	12	repI1(1)	ardA(4)	trbA(3)	sogS(4)	pilL(1)
SRR10502058	I1	-	repI1(-)	ardA(-)	trbA(-)	sogS(-)	pilL(-)
SRR10503790	I1	-	repI1(-)	ardA(-)	trbA(-)	sogS(-)	pilL(-)
SRR10503802	I1	26	repI1(1)	ardA(4)	trbA(13)	sogS(2)	pilL(1)
SRR10536667	I1	-	repI1(-)	ardA(-)	trbA(-)	sogS(-)	pilL(-)
SRR1177189	I1	26	repI1(1)	ardA(4)	trbA(13)	sogS(2)	pilL(1)
SRR1177217	I1	26	repI1(1)	ardA(4)	trbA(13)	sogS(2)	pilL(1)
SRR1177252	I1	26	repI1(1)	ardA(4)	trbA(13)	sogS(2)	pilL(1)
SRR1177279	I1	26	repI1(1)	ardA(4)	trbA(13)	sogS(2)	pilL(1)
SRR1177290	I1	26	repI1(1)	ardA(4)	trbA(13)	sogS(2)	pilL(1)
SRR1177572	I1	26	repI1(1)	ardA(4)	trbA(13)	sogS(2)	pilL(1)
SRR1177594	I1	26	repI1(1)	ardA(4)	trbA(13)	sogS(2)	pilL(1)
SRR1177604	I1	-	repI1(-)	ardA(-)	trbA(-)	sogS(-)	pilL(-)
SRR1177607	I1	26	repI1(1)	ardA(4)	trbA(13)	sogS(2)	pilL(1)
SRR1177624	I1	26	repI1(1)	ardA(4)	trbA(13)	sogS(2)	pilL(1)
SRR1177636	I1	26	repI1(1)	ardA(4)	trbA(13)	sogS(2)	pilL(1)
SRR1178266	I1	-	repI1(-)	ardA(2)	trbA(~8)	sogS(~3)	pilL(-)
SRR1181552	I1	-	repI1(-)	ardA(-)	trbA(-)	sogS(-)	pilL(-)
SRR1207494	I1	178	repI1(1)	ardA(4)	trbA(3)	sogS(18)	pilL(1)
SRR1269417	I1	13	repI1(1)	ardA(1)	trbA(5)	sogS(1)	pilL(1)
SRR1301202	I1	-	repI1(1)	ardA(4)	trbA(~13)	sogS(2)	pilL(1)
SRR1314369	I1	-	repI1(-)	ardA(-)	trbA(-)	sogS(-)	pilL(-)
SRR1314427	I1	-	repI1(-)	ardA(-)	trbA(-)	sogS(-)	pilL(-)
SRR1916392	I1	-	repI1(1)	"ardA(4,4)"	"trbA(13,13)"	"sogS(2,2)"	pilL(1)
SRR2085672	I1	-	repI1(2)	ardA(3)	trbA(5)	sogS(4)	pilL(2)
SRR2133202	I1	-	repI1(-)	ardA(-)	trbA(-)	sogS(-)	pilL(-)
SRR2970157	I1	-	repI1(-)	ardA(-)	trbA(-)	sogS(-)	pilL(-)
SRR2970186	I1	-	repI1(-)	ardA(-)	trbA(-)	sogS(-)	pilL(-)
SRR2970193	I1	-	repI1(-)	ardA(-)	trbA(-)	sogS(-)	pilL(-)
SRR2970205	I1	-	repI1(-)	ardA(-)	trbA(-)	sogS(-)	pilL(-)
SRR2970220	I1	-	repI1(-)	ardA(-)	trbA(-)	sogS(-)	pilL(-)
SRR2970231	I1	-	repI1(-)	ardA(-)	trbA(-)	sogS(-)	pilL(-)
SRR2970232	I1	-	repI1(-)	ardA(-)	trbA(-)	sogS(-)	pilL(-)
SRR2970276	I1	-	repI1(-)	ardA(-)	trbA(-)	sogS(-)	pilL(-)
SRR2970277	I1	-	repI1(-)	ardA(-)	trbA(-)	sogS(-)	pilL(-)
SRR2970284	I1	-	repI1(1)	ardA(4)	trbA(5)	sogS(-)	pilL(32?)
SRR3050911	I1	-	repI1(-)	ardA(2)	trbA(40)	sogS(6)	pilL(18)
SRR3050951	I1	-	repI1(-)	ardA(-)	trbA(-)	sogS(-)	pilL(-)
SRR3057121	I1	55	repI1(4)	ardA(5)	trbA(15)	sogS(11)	pilL(3)
SRR3098765	I1	-	repI1(1)	ardA(2)	trbA(3)	sogS(10)	pilL(10)
SRR3136837	I1	-	repI1(-)	ardA(-)	trbA(-)	sogS(-)	pilL(-)
SRR3143601	I1	-	repI1(-)	ardA(-)	trbA(-)	sogS(-)	pilL(-)
SRR3156766	I1	-	repI1(-)	ardA(-)	trbA(-)	sogS(-)	pilL(-)
SRR3156776	I1	-	repI1(-)	ardA(-)	trbA(-)	sogS(-)	pilL(-)
SRR3173518	I1	-	repI1(-)	ardA(-)	trbA(-)	sogS(-)	pilL(-)
SRR3184067	I1	12	repI1(1)	ardA(4)	trbA(3)	sogS(4)	pilL(1)
SRR3457725	I1	-	repI1(-)	ardA(-)	trbA(-)	sogS(-)	pilL(-)
SRR3465476	I1	26	repI1(1)	ardA(4)	trbA(13)	sogS(2)	pilL(1)
SRR3465478	I1	-	repI1(-)	ardA(-)	trbA(-)	sogS(-)	pilL(-)
SRR3466362	I1	-	repI1(-)	ardA(-)	trbA(-)	sogS(-)	pilL(-)
SRR3466373	I1	-	repI1(-)	ardA(-)	trbA(-)	sogS(-)	pilL(-)
SRR3466375	I1	-	repI1(-)	ardA(-)	trbA(-)	sogS(-)	pilL(-)
SRR3466376	I1	-	repI1(-)	ardA(-)	trbA(-)	sogS(-)	pilL(-)
SRR3578579	I1	-	repI1(-)	ardA(-)	trbA(-)	sogS(-)	pilL(-)
SRR3579396	I1	-	repI1(-)	ardA(-)	trbA(-)	sogS(-)	pilL(-)
SRR3657449	I1	-	repI1(-)	ardA(-)	trbA(-)	sogS(-)	pilL(-)
SRR3931199	I1	-	repI1(-)	ardA(~33)	trbA(-)	sogS(-)	pilL(-)
SRR3951497	I1	-	repI1(1)	ardA(2)	trbA(3)	sogS(-)	pilL(3)
SRR3957074	I1	-	repI1(2)	ardA(1)	trbA(16)	sogS(9)	pilL(2)
SRR3957089	I1	-	repI1(-)	ardA(~38)	trbA(-)	sogS(-)	pilL(-)
SRR3957186	I1	-	repI1(-)	ardA(-)	trbA(-)	sogS(-)	pilL(-)
SRR3971186	I1	-	repI1(-)	ardA(-)	trbA(-)	sogS(-)	pilL(-)
SRR3972131	I1	-	repI1(-)	ardA(-)	trbA(-)	sogS(-)	pilL(-)
SRR3972148	I1	-	repI1(-)	ardA(-)	trbA(-)	sogS(-)	pilL(-)
SRR3972151	I1	-	repI1(-)	ardA(~38)	trbA(-)	sogS(-)	pilL(-)
SRR3972555	I1	-	repI1(4)	"ardA(2,42)"	trbA(3)	sogS(1)	pilL(1)
SRR3972844	I1	-	repI1(-)	ardA(-)	trbA(-)	sogS(-)	pilL(-)
SRR3972934	I1	-	repI1(-)	ardA(~33)	trbA(-)	sogS(-)	pilL(-)
SRR3977094	I1	-	repI1(-)	ardA(-)	trbA(-)	sogS(-)	pilL(-)
SRR3987498	I1	-	repI1(-)	ardA(-)	trbA(-)	sogS(-)	pilL(-)
SRR3987507	I1	-	repI1(-)	ardA(-)	trbA(-)	sogS(-)	pilL(-)
SRR3987534	I1	-	repI1(-)	ardA(19)	trbA(~8)	sogS(-)	pilL(-)
SRR3987539	I1	26	repI1(1)	ardA(4)	trbA(13)	sogS(2)	pilL(1)
SRR3987568	I1	-	repI1(-)	ardA(-)	trbA(-)	sogS(-)	pilL(-)
SRR3987644	I1	-	repI1(-)	ardA(-)	trbA(~8)	sogS(-)	pilL(-)
SRR3987648	I1	26	repI1(1)	ardA(4)	trbA(13)	sogS(2)	pilL(1)
SRR3987673	I1	-	repI1(-)	ardA(-)	trbA(-)	sogS(-)	pilL(-)
SRR3987689	I1	-	repI1(1)	ardA(2)	trbA(17)	sogS(6)	pilL(18)
SRR3987746	I1	-	repI1(1)	ardA(9)	trbA(3)	sogS(1)	pilL(~2)
SRR3987912	I1	-	repI1(1)	ardA(2)	trbA(21)	sogS(4)	pilL(3)
SRR3987972	I1	-	repI1(-)	ardA(-)	trbA(-)	sogS(-)	pilL(-)
SRR3987979	I1	-	repI1(-)	ardA(-)	trbA(-)	sogS(-)	pilL(-)
SRR3988135	I1	-	repI1(1)	ardA(2)	trbA(44?)	sogS(9)	pilL(3)
SRR3988167	I1	-	repI1(-)	ardA(-)	trbA(-)	sogS(-)	pilL(-)
SRR3989506	I1	-	repI1(-)	ardA(-)	trbA(-)	sogS(-)	pilL(-)
SRR3989588	I1	-	repI1(-)	ardA(-)	trbA(-)	sogS(-)	pilL(-)
SRR3989763	I1	-	repI1(-)	ardA(-)	trbA(-)	sogS(-)	pilL(-)
SRR3989769	I1	-	repI1(-)	ardA(47?)	trbA(1)	sogS(1)	pilL(-)
SRR3993799	I1	-	repI1(-)	ardA(-)	trbA(-)	sogS(-)	pilL(-)
SRR3993844	I1	-	repI1(-)	ardA(-)	trbA(-)	sogS(-)	pilL(-)
SRR4046411	I1	-	repI1(1)	ardA(3)	trbA(20)	sogS(3)	pilL(6)
SRR4260153	I1	-	repI1(-)	ardA(-)	trbA(-)	sogS(-)	pilL(-)
SRR4263664	I1	-	repI1(-)	ardA(~33)	trbA(-)	sogS(-)	pilL(-)
SRR4294821	I1	-	repI1(-)	ardA(-)	trbA(-)	sogS(-)	pilL(-)
SRR4294822	I1	-	repI1(-)	ardA(-)	trbA(-)	sogS(-)	pilL(-)
SRR4294894	I1	-	repI1(-)	ardA(-)	trbA(-)	sogS(-)	pilL(-)
SRR4301122	I1	-	repI1(-)	ardA(-)	trbA(-)	sogS(-)	pilL(-)
SRR4301123	I1	-	repI1(-)	ardA(-)	trbA(-)	sogS(-)	pilL(-)
SRR4340433	I1	-	repI1(-)	ardA(~33)	trbA(-)	sogS(-)	pilL(-)
SRR5004156	I1	-	repI1(1)	ardA(2)	trbA(~8)	sogS(2)	pilL(2)
SRR5030800	I1	-	repI1(-)	ardA(-)	trbA(-)	sogS(-)	pilL(-)
SRR5031173	I1	-	repI1(-)	ardA(-)	trbA(-)	sogS(-)	pilL(-)
SRR5120224	I1	-	repI1(-)	ardA(-)	trbA(-)	sogS(-)	pilL(-)
SRR5181652	I1	-	repI1(2)	ardA(~2)	trbA(5)	sogS(4)	pilL(3)
SRR5187806	I1	13	repI1(1)	ardA(1)	trbA(5)	sogS(1)	pilL(1)
SRR5217722	I1	12	repI1(1)	ardA(4)	trbA(3)	sogS(4)	pilL(1)
SRR5330816	I1	26	repI1(1)	ardA(4)	trbA(13)	sogS(2)	pilL(1)
SRR5330817	I1	-	repI1(-)	ardA(-)	trbA(-)	sogS(-)	pilL(-)
SRR5330902	I1	3	repI1(2)	ardA(1)	trbA(4)	sogS(1)	pilL(2)
SRR5341918	I1	-	repI1(-)	ardA(-)	trbA(-)	sogS(-)	pilL(-)
SRR5341919	I1	-	repI1(-)	ardA(~14)	trbA(-)	sogS(-)	pilL(-)
SRR5341958	I1	-	repI1(-)	ardA(~14)	trbA(-)	sogS(-)	pilL(-)
SRR5445232	I1	-	repI1(-)	ardA(-)	trbA(-)	sogS(-)	pilL(-)
SRR5459141	I1	-	repI1(-)	ardA(-)	trbA(-)	sogS(-)	pilL(-)
SRR5470823	I1	-	repI1(-)	ardA(-)	trbA(-)	sogS(-)	pilL(-)
SRR5660166	I1	-	repI1(-)	ardA(-)	trbA(-)	sogS(-)	pilL(-)
SRR5660167	I1	-	repI1(-)	ardA(-)	trbA(-)	sogS(-)	pilL(-)
SRR5762158	I1	-	repI1(-)	ardA(-)	trbA(-)	sogS(-)	pilL(-)
SRR5890288	I1	-	repI1(-)	ardA(-)	trbA(-)	sogS(-)	pilL(-)
SRR5890300	I1	-	repI1(-)	ardA(-)	trbA(-)	sogS(-)	pilL(-)
SRR5901513	I1	-	repI1(-)	ardA(-)	trbA(-)	sogS(-)	pilL(-)
SRR5912882	I1	-	repI1(-)	ardA(-)	trbA(-)	sogS(-)	pilL(-)
SRR5943571	I1	-	repI1(-)	ardA(-)	trbA(-)	sogS(-)	pilL(-)
SRR5943573	I1	-	repI1(-)	ardA(-)	trbA(-)	sogS(-)	pilL(-)
SRR5956527	I1	-	repI1(-)	ardA(-)	trbA(-)	sogS(-)	pilL(-)
SRR6039943	I1	-	repI1(-)	ardA(-)	trbA(-)	sogS(-)	pilL(-)
SRR6039958	I1	-	repI1(-)	ardA(-)	trbA(-)	sogS(-)	pilL(-)
SRR6039966	I1	-	repI1(-)	ardA(-)	trbA(-)	sogS(-)	pilL(-)
SRR6039969	I1	12	repI1(1)	ardA(4)	trbA(3)	sogS(4)	pilL(1)
SRR6051639	I1	267	repI1(1)	ardA(2)	trbA(3)	sogS(9)	pilL(3)
SRR6121975	I1	-	repI1(-)	ardA(4)	trbA(18)	sogS(10)	pilL(3)
SRR6121983	I1	-	repI1(-)	ardA(-)	trbA(-)	sogS(-)	pilL(-)
SRR6121985	I1	65	repI1(1)	ardA(4)	trbA(18)	sogS(10)	pilL(3)
SRR6219699	I1	-	repI1(-)	ardA(-)	trbA(-)	sogS(-)	pilL(-)
SRR6219715	I1	-	repI1(-)	ardA(-)	trbA(-)	sogS(-)	pilL(-)
SRR6219724	I1	-	repI1(-)	ardA(-)	trbA(-)	sogS(-)	pilL(-)
SRR6219924	I1	-	repI1(-)	ardA(~33)	trbA(-)	sogS(-)	pilL(-)
SRR6231915	I1	-	repI1(-)	ardA(-)	trbA(-)	sogS(-)	pilL(-)
SRR6231921	I1	-	repI1(10)	ardA(38)	trbA(3)	sogS(~28)	pilL(5)
SRR6231923	I1	12	repI1(1)	ardA(4)	trbA(3)	sogS(4)	pilL(1)
SRR6231935	I1	-	repI1(-)	ardA(-)	trbA(-)	sogS(-)	pilL(-)
SRR6231942	I1	-	repI1(-)	ardA(-)	trbA(-)	sogS(-)	pilL(-)
SRR6231944	I1	12	repI1(1)	ardA(4)	trbA(3)	sogS(4)	pilL(1)
SRR6238136	I1	-	repI1(-)	ardA(-)	trbA(-)	sogS(-)	pilL(-)
SRR6238390	I1	-	repI1(-)	ardA(-)	trbA(-)	sogS(-)	pilL(-)
SRR6238424	I1	-	repI1(-)	ardA(-)	trbA(-)	sogS(-)	pilL(-)
SRR6292462	I1	-	repI1(-)	ardA(-)	trbA(-)	sogS(-)	pilL(-)
SRR6292465	I1	-	repI1(-)	ardA(-)	trbA(-)	sogS(-)	pilL(-)
SRR6292797	I1	-	repI1(-)	ardA(-)	trbA(-)	sogS(-)	pilL(-)
SRR6292813	I1	-	repI1(-)	ardA(-)	trbA(-)	sogS(-)	pilL(-)
SRR6314306	I1	26	repI1(1)	ardA(4)	trbA(13)	sogS(2)	pilL(1)
SRR6372968	I1	-	repI1(-)	ardA(-)	trbA(-)	sogS(-)	pilL(-)
SRR6373478	I1	-	repI1(-)	ardA(-)	trbA(-)	sogS(-)	pilL(-)
SRR6373495	I1	-	repI1(-)	ardA(-)	trbA(-)	sogS(-)	pilL(-)
SRR6376579	I1	-	repI1(-)	ardA(-)	trbA(-)	sogS(-)	pilL(-)
SRR6376580	I1	12	repI1(1)	ardA(4)	trbA(3)	sogS(4)	pilL(1)
SRR6376582	I1	-	repI1(-)	ardA(-)	trbA(-)	sogS(-)	pilL(-)
SRR6376586	I1	12	repI1(1)	ardA(4)	trbA(3)	sogS(4)	pilL(1)
SRR6376593	I1	-	repI1(-)	ardA(-)	trbA(-)	sogS(-)	pilL(-)
SRR6376595	I1	-	repI1(-)	ardA(-)	trbA(-)	sogS(-)	pilL(-)
SRR6376596	I1	-	repI1(-)	ardA(-)	trbA(-)	sogS(-)	pilL(-)
SRR6376598	I1	-	repI1(-)	ardA(-)	trbA(-)	sogS(-)	pilL(-)
SRR640055	I1	-	repI1(-)	ardA(-)	trbA(-)	sogS(-)	pilL(-)
SRR6409915	I1	-	repI1(1)	ardA(-)	trbA(10)	sogS(8)	pilL(6)
SRR6412356	I1	-	repI1(-)	ardA(-)	trbA(-)	sogS(-)	pilL(-)
SRR6412375	I1	-	repI1(-)	ardA(-)	trbA(-)	sogS(-)	pilL(-)
SRR6426901	I1	-	repI1(-)	ardA(-)	trbA(-)	sogS(-)	pilL(-)
SRR6427137	I1	-	repI1(-)	ardA(-)	trbA(-)	sogS(-)	pilL(-)
SRR6427410	I1	-	repI1(-)	ardA(-)	trbA(-)	sogS(-)	pilL(-)
SRR6438327	I1	-	repI1(-)	ardA(-)	trbA(-)	sogS(-)	pilL(-)
SRR6438329	I1	-	repI1(-)	ardA(-)	trbA(-)	sogS(-)	pilL(-)
SRR6441144	I1	-	repI1(-)	ardA(-)	trbA(-)	sogS(-)	pilL(-)
SRR6441170	I1	154	repI1(1)	ardA(3)	trbA(8)	sogS(10)	pilL(10)
SRR6441236	I1	-	repI1(-)	ardA(-)	trbA(-)	sogS(-)	pilL(-)
SRR6497954	I1	-	repI1(-)	ardA(-)	trbA(-)	sogS(-)	pilL(-)
SRR6497963	I1	12	repI1(1)	ardA(4)	trbA(3)	sogS(4)	pilL(1)
SRR6505023	I1	-	repI1(-)	ardA(-)	trbA(-)	sogS(-)	pilL(-)
SRR6505046	I1	-	repI1(-)	ardA(-)	trbA(-)	sogS(-)	pilL(-)
SRR6505050	I1	-	repI1(-)	ardA(-)	trbA(-)	sogS(-)	pilL(-)
SRR6681083	I1	-	repI1(-)	ardA(-)	trbA(-)	sogS(-)	pilL(-)
SRR6681176	I1	-	repI1(-)	ardA(-)	trbA(-)	sogS(-)	pilL(-)
SRR6683918	I1	-	repI1(2)	ardA(2)	trbA(5)	sogS(4)	pilL(2)
SRR6701906	I1	-	repI1(-)	ardA(-)	trbA(-)	sogS(-)	pilL(-)
SRR6713394	I1	-	repI1(-)	ardA(-)	trbA(-)	sogS(-)	pilL(-)
SRR6713428	I1	-	repI1(1)	ardA(-)	trbA(13)	sogS(2)	pilL(1)
SRR6713463	I1	-	repI1(-)	ardA(-)	trbA(-)	sogS(-)	pilL(-)
SRR6724040	I1	3	repI1(2)	ardA(1)	trbA(4)	sogS(1)	pilL(2)
SRR6724042	I1	3	repI1(2)	ardA(1)	trbA(4)	sogS(1)	pilL(2)
SRR6724044	I1	31	repI1(3)	ardA(4)	trbA(6)	sogS(3)	pilL(3)
SRR6724076	I1	7	repI1(2)	ardA(1)	trbA(5)	sogS(4)	pilL(2)
SRR6726710	I1	-	repI1(-)	ardA(-)	trbA(-)	sogS(-)	pilL(-)
SRR6764074	I1	-	repI1(-)	ardA(~33)	trbA(-)	sogS(-)	pilL(-)
SRR6764085	I1	-	repI1(-)	ardA(~33)	trbA(-)	sogS(-)	pilL(-)
SRR6764086	I1	-	repI1(-)	ardA(~33)	trbA(-)	sogS(-)	pilL(-)
SRR6764105	I1	-	repI1(-)	ardA(~33)	trbA(-)	sogS(-)	pilL(-)
SRR6764128	I1	-	repI1(-)	ardA(~33)	trbA(-)	sogS(-)	pilL(-)
SRR6764142	I1	-	repI1(-)	ardA(~33)	trbA(-)	sogS(-)	pilL(-)
SRR6764213	I1	21	repI1(1)	ardA(2)	trbA(11)	sogS(3)	pilL(3)
SRR6787576	I1	-	repI1(1)	ardA(2)	trbA(21)	sogS(26)	pilL(3)
SRR6810047	I1	-	repI1(-)	ardA(-)	trbA(-)	sogS(-)	pilL(-)
SRR6818532	I1	3	repI1(2)	ardA(1)	trbA(4)	sogS(1)	pilL(2)
SRR6818568	I1	36	repI1(1)	ardA(4)	trbA(2)	sogS(9)	pilL(3)
SRR6844212	I1	-	repI1(-)	ardA(-)	trbA(-)	sogS(-)	pilL(-)
SRR6844253	I1	-	repI1(-)	ardA(-)	trbA(-)	sogS(-)	pilL(-)
SRR6876311	I1	-	repI1(-)	ardA(-)	trbA(-)	sogS(-)	pilL(-)
SRR6876312	I1	-	repI1(-)	ardA(-)	trbA(-)	sogS(-)	pilL(-)
SRR6930653	I1	-	repI1(-)	ardA(-)	trbA(-)	sogS(-)	pilL(-)
SRR6933174	I1	-	repI1(-)	ardA(-)	trbA(-)	sogS(-)	pilL(-)
SRR6973045	I1	-	repI1(-)	ardA(-)	trbA(-)	sogS(-)	pilL(-)
SRR6973073	I1	-	repI1(-)	ardA(-)	trbA(-)	sogS(-)	pilL(-)
SRR6986355	I1	-	repI1(1)	ardA(~3)	trbA(16)	sogS(3)	pilL(3)
SRR7009031	I1	-	repI1(-)	ardA(-)	trbA(-)	sogS(-)	pilL(-)
SRR7064595	I1	-	repI1(-)	ardA(-)	trbA(-)	sogS(-)	pilL(-)
SRR7065404	I1	-	repI1(-)	ardA(-)	trbA(-)	sogS(-)	pilL(-)
SRR7084525	I1	-	repI1(1)	ardA(2)	trbA(~13)	sogS(2)	pilL(1)
SRR7084884	I1	-	repI1(1)	ardA(14)	trbA(5)	sogS(10)	pilL(2)
SRR7095754	I1	-	repI1(-)	ardA(-)	trbA(-)	sogS(-)	pilL(-)
SRR7095770	I1	12	repI1(1)	ardA(4)	trbA(3)	sogS(4)	pilL(1)
SRR7130336	I1	-	repI1(-)	ardA(-)	trbA(-)	sogS(-)	pilL(-)
SRR7135448	I1	-	repI1(-)	ardA(-)	trbA(-)	sogS(-)	pilL(-)
SRR7135463	I1	-	repI1(-)	ardA(-)	trbA(-)	sogS(-)	pilL(-)
SRR7140568	I1	26	repI1(1)	ardA(4)	trbA(13)	sogS(2)	pilL(1)
SRR7140583	I1	134	repI1(1)	ardA(2)	trbA(8)	sogS(6)	pilL(10)
SRR7140597	I1	-	repI1(-)	ardA(-)	trbA(-)	sogS(-)	pilL(-)
SRR7140611	I1	-	repI1(-)	ardA(-)	trbA(-)	sogS(-)	pilL(-)
SRR7140620	I1	-	repI1(-)	ardA(-)	trbA(-)	sogS(-)	pilL(-)
SRR7154649	I1	-	repI1(-)	ardA(-)	trbA(-)	sogS(-)	pilL(-)
SRR7192408	I1	-	repI1(1)	ardA(-)	trbA(13)	sogS(2)	pilL(1)
SRR7221526	I1	12	repI1(1)	ardA(4)	trbA(3)	sogS(4)	pilL(1)
SRR7230146	I1	-	repI1(-)	ardA(-)	trbA(-)	sogS(-)	pilL(-)
SRR7257344	I1	-	repI1(-)	ardA(-)	trbA(-)	sogS(-)	pilL(-)
SRR7263703	I1	-	repI1(-)	ardA(-)	trbA(-)	sogS(-)	pilL(-)
SRR7284856	I1	-	repI1(-)	ardA(-)	trbA(-)	sogS(-)	pilL(-)
SRR7360399	I1	-	repI1(-)	ardA(-)	trbA(-)	sogS(-)	pilL(-)
SRR7360579	I1	-	repI1(-)	ardA(-)	trbA(-)	sogS(-)	pilL(-)
SRR7360580	I1	-	repI1(-)	ardA(-)	trbA(-)	sogS(-)	pilL(-)
SRR7360586	I1	2	repI1(1)	ardA(2)	trbA(3)	sogS(2)	pilL(1)
SRR7439284	I1	-	repI1(-)	ardA(-)	trbA(-)	sogS(-)	pilL(-)
SRR7439672	I1	-	repI1(-)	ardA(-)	trbA(-)	sogS(-)	pilL(-)
SRR7468981	I1	-	repI1(-)	ardA(-)	trbA(-)	sogS(-)	pilL(-)
SRR7499269	I1	-	repI1(-)	ardA(-)	trbA(-)	sogS(-)	pilL(-)
SRR7500674	I1	-	repI1(-)	ardA(-)	trbA(-)	sogS(-)	pilL(-)
SRR7500862	I1	-	repI1(-)	ardA(-)	trbA(-)	sogS(-)	pilL(-)
SRR7501033	I1	-	repI1(-)	ardA(-)	trbA(-)	sogS(-)	pilL(-)
SRR7527934	I1	-	repI1(-)	ardA(-)	trbA(-)	sogS(-)	pilL(-)
SRR7543308	I1	12	repI1(1)	ardA(4)	trbA(3)	sogS(4)	pilL(1)
SRR7543358	I1	-	repI1(-)	ardA(-)	trbA(-)	sogS(-)	pilL(-)
SRR7615132	I1	-	repI1(-)	ardA(-)	trbA(-)	sogS(-)	pilL(-)
SRR7624308	I1	-	repI1(-)	ardA(-)	trbA(-)	sogS(-)	pilL(-)
SRR7638129	I1	-	repI1(-)	ardA(-)	trbA(-)	sogS(-)	pilL(-)
SRR7647877	I1	-	repI1(-)	ardA(-)	trbA(-)	sogS(-)	pilL(-)
SRR7693499	I1	-	repI1(-)	ardA(-)	trbA(-)	sogS(-)	pilL(-)
SRR7693501	I1	-	repI1(-)	ardA(-)	trbA(-)	sogS(-)	pilL(-)
SRR7693678	I1	-	repI1(-)	ardA(2)	trbA(~2)	sogS(-)	pilL(-)
SRR7707874	I1	-	repI1(-)	ardA(-)	trbA(-)	sogS(-)	pilL(-)
SRR7707885	I1	-	repI1(-)	ardA(-)	trbA(-)	sogS(-)	pilL(-)
SRR7707893	I1	26	repI1(1)	ardA(4)	trbA(13)	sogS(2)	pilL(1)
SRR7724534	I1	-	repI1(-)	ardA(-)	trbA(-)	sogS(-)	pilL(-)
SRR7724612	I1	-	repI1(1)	ardA(38)	trbA(8)	sogS(~30)	pilL(~2)
SRR7724751	I1	-	repI1(-)	ardA(-)	trbA(-)	sogS(-)	pilL(-)
SRR7726367	I1	-	repI1(-)	ardA(~33)	trbA(-)	sogS(-)	pilL(-)
SRR7749328	I1	-	repI1(-)	ardA(-)	trbA(-)	sogS(-)	pilL(-)
SRR7754588	I1	26	repI1(1)	ardA(4)	trbA(13)	sogS(2)	pilL(1)
SRR7754589	I1	-	repI1(-)	ardA(-)	trbA(-)	sogS(-)	pilL(-)
SRR7786651	I1	-	repI1(-)	ardA(-)	trbA(-)	sogS(-)	pilL(-)
SRR7786660	I1	-	repI1(-)	ardA(-)	trbA(-)	sogS(-)	pilL(-)
SRR7789472	I1	-	repI1(-)	ardA(-)	trbA(-)	sogS(-)	pilL(-)
SRR7828666	I1	-	repI1(-)	ardA(-)	trbA(-)	sogS(-)	pilL(-)
SRR7828700	I1	16	repI1(1)	ardA(5)	trbA(10)	sogS(8)	pilL(6)
SRR7828790	I1	72	repI1(1)	ardA(4)	trbA(15)	sogS(4)	pilL(2)
SRR785679	I1	-	repI1(-)	ardA(14)	trbA(-)	sogS(-)	pilL(-)
SRR7866002	I1	-	repI1(-)	ardA(~6)	trbA(-)	sogS(-)	pilL(-)
SRR7866003	I1	-	repI1(-)	ardA(-)	trbA(-)	sogS(-)	pilL(-)
SRR7866010	I1	-	repI1(-)	ardA(-)	trbA(-)	sogS(-)	pilL(-)
SRR7870880	I1	-	repI1(-)	ardA(-)	trbA(-)	sogS(-)	pilL(-)
SRR7870883	I1	-	repI1(-)	ardA(-)	trbA(-)	sogS(-)	pilL(-)
SRR7874650	I1	-	repI1(-)	ardA(-)	trbA(-)	sogS(-)	pilL(-)
SRR7874651	I1	-	repI1(-)	ardA(-)	trbA(-)	sogS(-)	pilL(-)
SRR7883782	I1	-	repI1(-)	ardA(-)	trbA(-)	sogS(-)	pilL(-)
SRR7884476	I1	-	repI1(-)	ardA(-)	trbA(-)	sogS(-)	pilL(-)
SRR7896464	I1	-	repI1(-)	ardA(-)	trbA(-)	sogS(-)	pilL(-)
SRR7903256	I1	-	repI1(-)	ardA(-)	trbA(-)	sogS(-)	pilL(-)
SRR7940157	I1	-	repI1(-)	ardA(-)	trbA(-)	sogS(-)	pilL(-)
SRR7940165	I1	-	repI1(1)	ardA(2)	trbA(~21)	sogS(9)	pilL(3)
SRR7940169	I1	-	repI1(-)	ardA(-)	trbA(-)	sogS(-)	pilL(-)
SRR7940182	I1	-	repI1(-)	ardA(-)	trbA(-)	sogS(-)	pilL(-)
SRR7940211	I1	26	repI1(1)	ardA(4)	trbA(13)	sogS(2)	pilL(1)
SRR8050352	I1	-	repI1(-)	ardA(-)	trbA(-)	sogS(-)	pilL(-)
SRR8050353	I1	-	repI1(1)	ardA(-)	trbA(5)	sogS(-)	pilL(32?)
SRR8050354	I1	-	repI1(1)	ardA(4)	trbA(5)	sogS(-)	pilL(32?)
SRR8080760	I1	-	repI1(-)	ardA(-)	trbA(-)	sogS(-)	pilL(-)
SRR8095417	I1	-	repI1(-)	ardA(-)	trbA(-)	sogS(-)	pilL(-)
SRR8095422	I1	-	repI1(-)	ardA(-)	trbA(-)	sogS(-)	pilL(-)
SRR8095426	I1	-	repI1(-)	ardA(-)	trbA(-)	sogS(-)	pilL(-)
SRR8095441	I1	-	repI1(-)	ardA(-)	trbA(-)	sogS(-)	pilL(-)
SRR8095461	I1	-	repI1(-)	ardA(-)	trbA(-)	sogS(-)	pilL(-)
SRR8095480	I1	-	repI1(-)	ardA(-)	trbA(-)	sogS(-)	pilL(-)
SRR8095502	I1	-	repI1(-)	ardA(-)	trbA(-)	sogS(-)	pilL(-)
SRR8095565	I1	-	repI1(-)	ardA(-)	trbA(-)	sogS(-)	pilL(-)
SRR8095598	I1	-	repI1(-)	ardA(-)	trbA(-)	sogS(-)	pilL(-)
SRR8095638	I1	-	repI1(-)	ardA(4)	trbA(13)	sogS(2)	pilL(1)
SRR8095675	I1	266	repI1(1)	ardA(2)	trbA(3)	sogS(9)	pilL(2)
SRR8095677	I1	-	repI1(-)	ardA(-)	trbA(-)	sogS(-)	pilL(-)
SRR8095680	I1	-	repI1(-)	ardA(-)	trbA(-)	sogS(-)	pilL(-)
SRR8095707	I1	-	repI1(-)	ardA(-)	trbA(-)	sogS(-)	pilL(-)
SRR8095722	I1	26	repI1(1)	ardA(4)	trbA(13)	sogS(2)	pilL(1)
SRR8095730	I1	-	repI1(-)	ardA(-)	trbA(-)	sogS(-)	pilL(-)
SRR8095740	I1	-	repI1(-)	ardA(-)	trbA(-)	sogS(-)	pilL(-)
SRR8095770	I1	-	repI1(-)	ardA(-)	trbA(-)	sogS(-)	pilL(-)
SRR8095810	I1	-	repI1(-)	ardA(-)	trbA(-)	sogS(-)	pilL(-)
SRR8095811	I1	-	repI1(-)	ardA(-)	trbA(-)	sogS(-)	pilL(-)
SRR8095858	I1	-	repI1(1)	ardA(3)	trbA(3)	sogS(4)	pilL(2)
SRR8095862	I1	26	repI1(1)	ardA(4)	trbA(13)	sogS(2)	pilL(1)
SRR8095893	I1	-	repI1(-)	ardA(-)	trbA(-)	sogS(-)	pilL(-)
SRR8095905	I1	-	repI1(-)	ardA(-)	trbA(-)	sogS(-)	pilL(-)
SRR8095918	I1	-	repI1(-)	ardA(-)	trbA(-)	sogS(-)	pilL(-)
SRR8095949	I1	-	repI1(-)	ardA(-)	trbA(-)	sogS(-)	pilL(-)
SRR8140215	I1	-	repI1(-)	ardA(~33)	trbA(-)	sogS(-)	pilL(-)
SRR8140236	I1	-	repI1(-)	ardA(-)	trbA(-)	sogS(-)	pilL(-)
SRR8140243	I1	-	repI1(-)	ardA(-)	trbA(-)	sogS(-)	pilL(-)
SRR8140251	I1	-	repI1(-)	ardA(-)	trbA(-)	sogS(-)	pilL(-)
SRR8157249	I1	27	repI1(1)	ardA(2)	trbA(13)	sogS(2)	pilL(1)
SRR8157255	I1	-	repI1(-)	ardA(-)	trbA(-)	sogS(-)	pilL(-)
SRR8172608	I1	-	repI1(4)	ardA(~2)	trbA(~2)	sogS(6)	pilL(3)
SRR8236490	I1	-	repI1(-)	ardA(-)	trbA(-)	sogS(-)	pilL(-)
SRR8236495	I1	-	repI1(-)	ardA(-)	trbA(-)	sogS(-)	pilL(-)
SRR8236496	I1	16	repI1(1)	ardA(5)	trbA(10)	sogS(8)	pilL(6)
SRR8236499	I1	-	repI1(-)	ardA(-)	trbA(-)	sogS(-)	pilL(-)
SRR8236501	I1	-	repI1(-)	ardA(29)	trbA(-)	sogS(-)	pilL(-)
SRR8236506	I1	-	repI1(-)	ardA(-)	trbA(-)	sogS(-)	pilL(-)
SRR8236526	I1	-	repI1(-)	ardA(-)	trbA(-)	sogS(-)	pilL(-)
SRR8270014	I1	-	repI1(-)	ardA(-)	trbA(-)	sogS(-)	pilL(-)
SRR8270033	I1	-	repI1(-)	ardA(-)	trbA(-)	sogS(-)	pilL(-)
SRR8310802	I1	26	repI1(1)	ardA(4)	trbA(13)	sogS(2)	pilL(1)
SRR8310809	I1	-	repI1(-)	ardA(-)	trbA(-)	sogS(-)	pilL(-)
SRR8310825	I1	-	repI1(-)	ardA(-)	trbA(-)	sogS(-)	pilL(-)
SRR8310834	I1	-	repI1(-)	ardA(-)	trbA(-)	sogS(-)	pilL(-)
SRR8313106	I1	-	repI1(-)	ardA(-)	trbA(-)	sogS(-)	pilL(-)
SRR8313111	I1	-	repI1(-)	ardA(-)	trbA(-)	sogS(-)	pilL(-)
SRR8350812	I1	-	repI1(-)	ardA(-)	trbA(-)	sogS(-)	pilL(-)
SRR8350814	I1	-	repI1(-)	ardA(-)	trbA(-)	sogS(-)	pilL(-)
SRR8350825	I1	-	repI1(-)	ardA(-)	trbA(-)	sogS(-)	pilL(-)
SRR8364830	I1	-	repI1(-)	ardA(-)	trbA(-)	sogS(-)	pilL(-)
SRR8381451	I1	-	repI1(-)	ardA(-)	trbA(-)	sogS(-)	pilL(-)
SRR8381461	I1	-	repI1(-)	ardA(-)	trbA(-)	sogS(-)	pilL(-)
SRR8397488	I1	-	repI1(-)	ardA(14)	trbA(-)	sogS(-)	pilL(-)
SRR8397529	I1	-	repI1(-)	ardA(14)	trbA(-)	sogS(-)	pilL(-)
SRR8397548	I1	20	repI1(1)	ardA(1)	trbA(3)	sogS(9)	pilL(1)
SRR8397785	I1	-	repI1(-)	ardA(-)	trbA(-)	sogS(-)	pilL(-)
SRR8502414	I1	-	repI1(-)	ardA(-)	trbA(-)	sogS(-)	pilL(-)
SRR8505933	I1	3	repI1(2)	ardA(1)	trbA(4)	sogS(1)	pilL(2)
SRR8533535	I1	12	repI1(1)	ardA(4)	trbA(3)	sogS(4)	pilL(1)
SRR8533708	I1	-	repI1(-)	ardA(-)	trbA(-)	sogS(-)	pilL(-)
SRR8544233	I1	-	repI1(-)	ardA(-)	trbA(-)	sogS(-)	pilL(-)
SRR8582168	I1	-	repI1(-)	ardA(-)	trbA(-)	sogS(-)	pilL(-)
SRR8592560	I1	26	repI1(1)	ardA(4)	trbA(13)	sogS(2)	pilL(1)
SRR8592581	I1	-	repI1(1)	ardA(3)	trbA(5)	sogS(~4)	pilL(1)
SRR8643749	I1	-	repI1(-)	ardA(-)	trbA(-)	sogS(-)	pilL(-)
SRR8649793	I1	-	repI1(-)	ardA(-)	trbA(-)	sogS(-)	pilL(-)
SRR8649942	I1	-	repI1(-)	ardA(4)	trbA(18)	sogS(10)	pilL(-)
SRR8649943	I1	-	repI1(-)	ardA(-)	trbA(-)	sogS(-)	pilL(-)
SRR8649951	I1	-	repI1(-)	ardA(-)	trbA(-)	sogS(-)	pilL(-)
SRR8649953	I1	26	repI1(1)	ardA(4)	trbA(13)	sogS(2)	pilL(1)
SRR8649967	I1	-	repI1(-)	ardA(-)	trbA(-)	sogS(-)	pilL(-)
SRR8649976	I1	-	repI1(-)	ardA(-)	trbA(-)	sogS(-)	pilL(-)
SRR8663204	I1	-	repI1(-)	ardA(-)	trbA(-)	sogS(-)	pilL(-)
SRR8663222	I1	-	repI1(-)	ardA(-)	trbA(-)	sogS(-)	pilL(-)
SRR8663235	I1	-	repI1(-)	ardA(-)	trbA(-)	sogS(-)	pilL(-)
SRR8699412	I1	-	repI1(-)	ardA(-)	trbA(-)	sogS(-)	pilL(-)
SRR8721839	I1	12	repI1(1)	ardA(4)	trbA(3)	sogS(4)	pilL(1)
SRR8723084	I1	65	repI1(1)	ardA(4)	trbA(18)	sogS(10)	pilL(3)
SRR8723124	I1	-	repI1(1)	ardA(2)	trbA(3)	sogS(6)	pilL(3)
SRR8745375	I1	-	repI1(-)	ardA(-)	trbA(-)	sogS(-)	pilL(-)
SRR8754953	I1	-	repI1(-)	ardA(-)	trbA(-)	sogS(-)	pilL(-)
SRR8754963	I1	-	repI1(-)	ardA(-)	trbA(-)	sogS(-)	pilL(-)
SRR8778441	I1	228	repI1(1)	ardA(2)	trbA(21)	sogS(10)	pilL(10)
SRR8782365	I1	-	repI1(1)	ardA(1)	trbA(5)	sogS(~7)	pilL(~3)
SRR8784424	I1	-	repI1(-)	ardA(-)	trbA(-)	sogS(-)	pilL(-)
SRR8792517	I1	-	repI1(-)	ardA(-)	trbA(-)	sogS(-)	pilL(-)
SRR8832736	I1	-	repI1(-)	ardA(-)	trbA(-)	sogS(-)	pilL(-)
SRR8833926	I1	-	repI1(-)	ardA(-)	trbA(-)	sogS(-)	pilL(-)
SRR8838499	I1	-	repI1(-)	ardA(~6)	trbA(-)	sogS(-)	pilL(-)
SRR8838540	I1	-	repI1(12?)	ardA(9)	trbA(5)	sogS(~10)	pilL(14)
SRR8838615	I1	-	repI1(-)	ardA(-)	trbA(-)	sogS(-)	pilL(-)
SRR8839655	I1	-	repI1(12?)	ardA(-)	trbA(-)	sogS(-)	pilL(-)
SRR8868852	I1	-	repI1(-)	ardA(-)	trbA(-)	sogS(-)	pilL(-)
SRR8996048	I1	-	repI1(-)	ardA(-)	trbA(-)	sogS(-)	pilL(-)
SRR8996056	I1	-	repI1(-)	ardA(-)	trbA(-)	sogS(-)	pilL(-)
SRR8996713	I1	-	repI1(4)	ardA(3)	trbA(3)	sogS(6)	pilL(~3)
SRR9017025	I1	-	repI1(-)	ardA(-)	trbA(-)	sogS(-)	pilL(-)
SRR9029559	I1	-	repI1(2)	ardA(4)	trbA(5)	sogS(4)	pilL(2)
SRR9029858	I1	-	repI1(-)	ardA(-)	trbA(-)	sogS(-)	pilL(-)
SRR9041545	I1	-	repI1(-)	ardA(-)	trbA(-)	sogS(-)	pilL(-)
SRR9048651	I1	-	repI1(-)	ardA(2)	trbA(-)	sogS(-)	pilL(-)
SRR9048668	I1	-	repI1(-)	ardA(-)	trbA(-)	sogS(-)	pilL(-)
SRR9048670	I1	-	repI1(-)	ardA(-)	trbA(-)	sogS(-)	pilL(-)
SRR9049544	I1	-	repI1(-)	ardA(-)	trbA(-)	sogS(-)	pilL(-)
SRR9066705	I1	26	repI1(1)	ardA(4)	trbA(13)	sogS(2)	pilL(1)
SRR9066949	I1	-	repI1(-)	ardA(~33)	trbA(-)	sogS(-)	pilL(-)
SRR9105559	I1	183	repI1(1)	ardA(2)	trbA(8)	sogS(10)	pilL(10)
SRR9105563	I1	-	repI1(-)	ardA(-)	trbA(-)	sogS(-)	pilL(-)
SRR9105600	I1	-	repI1(-)	ardA(~6)	trbA(-)	sogS(-)	pilL(-)
SRR9105610	I1	-	repI1(-)	ardA(-)	trbA(-)	sogS(-)	pilL(-)
SRR9108421	I1	-	repI1(-)	ardA(-)	trbA(-)	sogS(-)	pilL(-)
SRR9139850	I1	178	repI1(1)	ardA(4)	trbA(3)	sogS(18)	pilL(1)
SRR9153325	I1	-	repI1(-)	ardA(-)	trbA(-)	sogS(-)	pilL(-)
SRR9160036	I1	-	repI1(-)	ardA(-)	trbA(-)	sogS(-)	pilL(-)
SRR9160366	I1	-	repI1(-)	ardA(-)	trbA(-)	sogS(-)	pilL(-)
SRR9201949	I1	12	repI1(1)	ardA(4)	trbA(3)	sogS(4)	pilL(1)
SRR9214238	I1	-	repI1(-)	ardA(-)	trbA(-)	sogS(-)	pilL(-)
SRR9262889	I1	-	repI1(-)	ardA(-)	trbA(-)	sogS(-)	pilL(-)
SRR9265272	I1	-	repI1(-)	ardA(-)	trbA(-)	sogS(-)	pilL(-)
SRR9265273	I1	-	repI1(2)	ardA(4)	trbA(5)	sogS(4)	pilL(2)
SRR9265296	I1	-	repI1(-)	ardA(48)	trbA(-)	sogS(-)	pilL(-)
SRR9301016	I1	-	repI1(-)	ardA(-)	trbA(-)	sogS(-)	pilL(-)
SRR9324322	I1	26	repI1(1)	ardA(4)	trbA(13)	sogS(2)	pilL(1)
SRR9331790	I1	12	repI1(1)	ardA(4)	trbA(3)	sogS(4)	pilL(1)
SRR9593782	I1	-	repI1(-)	ardA(-)	trbA(-)	sogS(-)	pilL(-)
SRR9615914	I1	3	repI1(2)	ardA(1)	trbA(4)	sogS(1)	pilL(2)
SRR9616006	I1	7	repI1(2)	ardA(1)	trbA(5)	sogS(4)	pilL(2)
SRR9646352	I1	268	repI1(2)	ardA(3)	trbA(3)	sogS(10)	pilL(2)
SRR9648194	I1	-	repI1(-)	ardA(-)	trbA(-)	sogS(-)	pilL(-)
SRR9648203	I1	-	repI1(1)	ardA(4)	trbA(3)	sogS(6)	pilL(3)
SRR9648216	I1	-	repI1(-)	ardA(-)	trbA(-)	sogS(-)	pilL(-)
SRR9734567	I1	-	repI1(-)	ardA(-)	trbA(-)	sogS(-)	pilL(-)
SRR9823029	I1	-	repI1(-)	ardA(-)	trbA(-)	sogS(-)	pilL(-)
SRR9823032	I1	-	repI1(-)	ardA(-)	trbA(-)	sogS(-)	pilL(-)
SRR9824445	I1	3	repI1(2)	ardA(1)	trbA(4)	sogS(1)	pilL(2)
SRR9852823	I1	27	repI1(1)	ardA(2)	trbA(13)	sogS(2)	pilL(1)
SRR9852824	I1	-	repI1(-)	ardA(-)	trbA(-)	sogS(-)	pilL(-)
SRR9875276	I1	-	repI1(-)	ardA(-)	trbA(-)	sogS(-)	pilL(-)
SRR9875321	I1	-	repI1(-)	ardA(-)	trbA(-)	sogS(-)	pilL(-)
SRR9887388	I1	-	repI1(-)	ardA(-)	trbA(-)	sogS(-)	pilL(-)
SRR9887395	I1	-	repI1(-)	ardA(-)	trbA(-)	sogS(-)	pilL(-)
SRR9887396	I1	-	repI1(-)	ardA(-)	trbA(-)	sogS(-)	pilL(-)
SRR9913778	I1	-	repI1(-)	ardA(-)	trbA(-)	sogS(-)	pilL(-)
SRR9913803	I1	-	repI1(-)	ardA(-)	trbA(-)	sogS(-)	pilL(-)
SRR9913823	I1	-	repI1(-)	ardA(-)	trbA(-)	sogS(-)	pilL(-)
SRR9913825	I1	-	repI1(-)	ardA(-)	trbA(-)	sogS(-)	pilL(-)
SRR9913849	I1	-	repI1(-)	ardA(-)	trbA(-)	sogS(-)	pilL(-)
SRR9913889	I1	-	repI1(-)	ardA(-)	trbA(-)	sogS(-)	pilL(-)
SRR9913910	I1	26	repI1(1)	ardA(4)	trbA(13)	sogS(2)	pilL(1)
SRR9913955	I1	-	repI1(-)	ardA(-)	trbA(-)	sogS(-)	pilL(-)
SRR9914014	I1	-	repI1(-)	ardA(-)	trbA(-)	sogS(-)	pilL(-)
SRR9914058	I1	-	repI1(-)	ardA(-)	trbA(-)	sogS(-)	pilL(-)
SRR9914065	I1	-	repI1(-)	ardA(-)	trbA(-)	sogS(-)	pilL(-)
SRR9914075	I1	-	repI1(-)	ardA(~33)	trbA(-)	sogS(-)	pilL(-)
SRR9914141	I1	26	repI1(1)	ardA(4)	trbA(13)	sogS(2)	pilL(1)
SRR9914165	I1	-	repI1(-)	ardA(-)	trbA(-)	sogS(-)	pilL(-)
SRR9914244	I1	-	repI1(-)	ardA(-)	trbA(-)	sogS(-)	pilL(-)
SRR9914256	I1	48	repI1(1)	ardA(4)	trbA(16)	sogS(9)	pilL(2)
SRR9962769	I1	-	repI1(-)	ardA(-)	trbA(-)	sogS(-)	pilL(-)
SRR9962797	I1	-	repI1(-)	ardA(-)	trbA(-)	sogS(-)	pilL(-)
SRR9965262	I1	-	repI1(-)	ardA(-)	trbA(-)	sogS(-)	pilL(-)
SRR9973073	I1	-	repI1(-)	ardA(-)	trbA(-)	sogS(-)	pilL(-)
SS_2_G2	I1	3	repI1(2)	ardA(1)	trbA(4)	sogS(1)	pilL(2)
SS_2_H5	I1	-	repI1(-)	ardA(-)	trbA(-)	sogS(-)	pilL(-)
SS_3_G3	I1	-	repI1(-)	ardA(-)	trbA(-)	sogS(-)	pilL(-)
SS_4_E2	I1	-	repI1(-)	ardA(-)	trbA(-)	sogS(-)	pilL(-)
SS_4_G3	I1	-	repI1(-)	ardA(-)	trbA(-)	sogS(-)	pilL(-)
SS_4_G5	I1	-	repI1(-)	ardA(-)	trbA(-)	sogS(-)	pilL(-)
SS_4_H10	I1	-	repI1(1)	ardA(2)	trbA(~3)	sogS(~10)	pilL(10)
SS_5_B4	I1	-	repI1(1)	ardA(2)	trbA(17)	sogS(6)	pilL(18)
SS_5_E10	I1	-	repI1(-)	ardA(-)	trbA(-)	sogS(-)	pilL(-)
SS_5_E11	I1	-	repI1(-)	ardA(-)	trbA(-)	sogS(-)	pilL(-)
SS_5_H2	I1	3	repI1(2)	ardA(1)	trbA(4)	sogS(1)	pilL(2)
SS_5_H8	I1	-	repI1(-)	ardA(-)	trbA(-)	sogS(-)	pilL(-)
TZ124	I1	-	repI1(-)	ardA(-)	trbA(-)	sogS(-)	pilL(-)
TZ97	I1	-	repI1(-)	ardA(-)	trbA(-)	sogS(-)	pilL(-)
Vlees_ESBL_2012_133	I1	-	repI1(-)	ardA(-)	trbA(-)	sogS(-)	pilL(-)
Vlees_ESBL_2013_0170	I1	136	repI1(1)	ardA(2)	trbA(24)	sogS(9)	pilL(1)
Vlees_ESBL_2013_1236	I1	7	repI1(2)	ardA(1)	trbA(5)	sogS(4)	pilL(2)
Vlees_ESBL_2013_1429	I1	-	repI1(-)	ardA(-)	trbA(-)	sogS(-)	pilL(-)
Vlees_ESBL_2014_1504	I1	-	repI1(-)	ardA(14)	trbA(-)	sogS(-)	pilL(-)