gyrA p.S83L	TCG -> TTG	S -> L	Nalidixic acid,Ciprofloxacin	8891148	103764
gyrA p.D87N	GAC -> AAC	D -> N	Nalidixic acid,Ciprofloxacin	12654733	103764
parC p.S80I	AGC -> ATC	S -> I	Nalidixic acid,Ciprofloxacin	8851598	103764
gyrA p.S83L	TCG -> TTG	S -> L	Nalidixic acid,Ciprofloxacin	8891148	142661
gyrA p.D87N	GAC -> AAC	D -> N	Nalidixic acid,Ciprofloxacin	12654733	142661
parC p.S80I	AGC -> ATC	S -> I	Nalidixic acid,Ciprofloxacin	8851598	142661
gyrA p.S83L	TCG -> TTG	S -> L	Nalidixic acid,Ciprofloxacin	8891148	142897
gyrA p.S83L	TCG -> TTG	S -> L	Nalidixic acid,Ciprofloxacin	8891148	1541m1
gyrA p.D87N	GAC -> AAC	D -> N	Nalidixic acid,Ciprofloxacin	12654733	1541m1
parC p.E84K	GAA -> AAA	E -> K	Nalidixic acid,Ciprofloxacin	8524852	1541m1
gyrA p.S83L	TCG -> TTG	S -> L	Nalidixic acid,Ciprofloxacin	8891148	1553m1
gyrA p.D87N	GAC -> AAC	D -> N	Nalidixic acid,Ciprofloxacin	12654733	1553m1
parC p.E84K	GAA -> AAA	E -> K	Nalidixic acid,Ciprofloxacin	8524852	1553m1
gyrA p.S83L	TCG -> TTG	S -> L	Nalidixic acid,Ciprofloxacin	8891148	1560m1
gyrA p.D87N	GAC -> AAC	D -> N	Nalidixic acid,Ciprofloxacin	12654733	1560m1
parC p.E84K	GAA -> AAA	E -> K	Nalidixic acid,Ciprofloxacin	8524852	1560m1
gyrA p.S83L	TCG -> TTG	S -> L	Nalidixic acid,Ciprofloxacin	8891148	1568m1
gyrA p.D87N	GAC -> AAC	D -> N	Nalidixic acid,Ciprofloxacin	12654733	1568m1
parC p.E84K	GAA -> AAA	E -> K	Nalidixic acid,Ciprofloxacin	8524852	1568m1
gyrA p.S83L	TCG -> TTG	S -> L	Nalidixic acid,Ciprofloxacin	8891148	1585m1
gyrA p.D87N	GAC -> AAC	D -> N	Nalidixic acid,Ciprofloxacin	12654733	1585m1
parC p.E84K	GAA -> AAA	E -> K	Nalidixic acid,Ciprofloxacin	8524852	1585m1
gyrA p.S83L	TCG -> TTG	S -> L	Nalidixic acid,Ciprofloxacin	8891148	1586m1
gyrA p.D87N	GAC -> AAC	D -> N	Nalidixic acid,Ciprofloxacin	12654733	1586m1
parC p.E84K	GAA -> AAA	E -> K	Nalidixic acid,Ciprofloxacin	8524852	1586m1
gyrA p.S83L	TCG -> TTG	S -> L	Nalidixic acid,Ciprofloxacin	8891148	1605m1
gyrA p.D87N	GAC -> AAC	D -> N	Nalidixic acid,Ciprofloxacin	12654733	1605m1
parC p.E84K	GAA -> AAA	E -> K	Nalidixic acid,Ciprofloxacin	8524852	1605m1
gyrA p.S83L	TCG -> TTG	S -> L	Nalidixic acid,Ciprofloxacin	8891148	1657m1
gyrA p.D87N	GAC -> AAC	D -> N	Nalidixic acid,Ciprofloxacin	12654733	1657m1
parC p.E84K	GAA -> AAA	E -> K	Nalidixic acid,Ciprofloxacin	8524852	1657m1
gyrA p.S83L	TCG -> TTG	S -> L	Nalidixic acid,Ciprofloxacin	8891148	1680m1
gyrA p.D87N	GAC -> AAC	D -> N	Nalidixic acid,Ciprofloxacin	12654733	1680m1
parC p.E84K	GAA -> AAA	E -> K	Nalidixic acid,Ciprofloxacin	8524852	1680m1
gyrA p.S83L	TCG -> TTG	S -> L	Nalidixic acid,Ciprofloxacin	8891148	28137
gyrA p.D87N	GAC -> AAC	D -> N	Nalidixic acid,Ciprofloxacin	12654733	28137
parC p.S80I	AGC -> ATC	S -> I	Nalidixic acid,Ciprofloxacin	8851598	28137
gyrA p.S83L	TCG -> TTG	S -> L	Nalidixic acid,Ciprofloxacin	8891148	30372
gyrA p.D87N	GAC -> AAC	D -> N	Nalidixic acid,Ciprofloxacin	12654733	30372
parC p.S80I	AGC -> ATC	S -> I	Nalidixic acid,Ciprofloxacin	8851598	30372
gyrA p.S83L	TCG -> TTG	S -> L	Nalidixic acid,Ciprofloxacin	8891148	31479
gyrA p.D87N	GAC -> AAC	D -> N	Nalidixic acid,Ciprofloxacin	12654733	31479
parC p.S80I	AGC -> ATC	S -> I	Nalidixic acid,Ciprofloxacin	8851598	31479
gyrA p.S83L	TCG -> TTG	S -> L	Nalidixic acid,Ciprofloxacin	8891148	32205
gyrA p.S83L	TCG -> TTG	S -> L	Nalidixic acid,Ciprofloxacin	8891148	CE1568
gyrA p.D87N	GAC -> AAC	D -> N	Nalidixic acid,Ciprofloxacin	12654733	CE1568
parC p.E84K	GAA -> AAA	E -> K	Nalidixic acid,Ciprofloxacin	8524852	CE1568
gyrA p.S83L	TCG -> TTG	S -> L	Nalidixic acid,Ciprofloxacin	8891148	DRR103192
gyrA p.S83L	TCG -> TTG	S -> L	Nalidixic acid,Ciprofloxacin	8891148	ERR2019113
gyrA p.S83L	TCG -> TTG	S -> L	Nalidixic acid,Ciprofloxacin	8891148	ERR2205913
gyrA p.S83L	TCG -> TTG	S -> L	Nalidixic acid,Ciprofloxacin	8891148	ERR2205967
gyrA p.S83L	TCG -> TTG	S -> L	Nalidixic acid,Ciprofloxacin	8891148	ERR2205997
gyrA p.S83L	TCG -> TTG	S -> L	Nalidixic acid,Ciprofloxacin	8891148	ERR2205998
gyrA p.S83L	TCG -> TTG	S -> L	Nalidixic acid,Ciprofloxacin	8891148	ERR2987547
gyrA p.S83L	TCG -> TTG	S -> L	Nalidixic acid,Ciprofloxacin	8891148	ERR2987551
gyrA p.S83L	TCG -> TTG	S -> L	Nalidixic acid,Ciprofloxacin	8891148	ERR2987552
gyrA p.S83L	TCG -> TTG	S -> L	Nalidixic acid,Ciprofloxacin	8891148	ESBL20180248
gyrA p.D87N	GAC -> AAC	D -> N	Nalidixic acid,Ciprofloxacin	12654733	ESBL20180248
parC p.S80I	AGC -> ATC	S -> I	Nalidixic acid,Ciprofloxacin	8851598	ESBL20180248
gyrA p.S83L	TCG -> TTG	S -> L	Nalidixic acid,Ciprofloxacin	8891148	ESBL_Ecoli_4.03
gyrA p.S83L	TCG -> TTG	S -> L	Nalidixic acid,Ciprofloxacin	8891148	HP71
gyrA p.S83L	TCG -> TTG	S -> L	Nalidixic acid,Ciprofloxacin	8891148	HPG4
gyrA p.D87N	GAC -> AAC	D -> N	Nalidixic acid,Ciprofloxacin	12654733	HPG79
gyrA p.D87Y	GAC -> TAC	D -> Y	Nalidixic acid,Ciprofloxacin	12654733	IMT17513
gyrA p.S83L	TCG -> TTG	S -> L	Nalidixic acid,Ciprofloxacin	8891148	IMT17548
gyrA p.S83L	TCG -> TTG	S -> L	Nalidixic acid,Ciprofloxacin	8891148	IMT17550
gyrA p.D87Y	GAC -> TAC	D -> Y	Nalidixic acid,Ciprofloxacin	12654733	IMT24815
gyrA p.S83L	TCG -> TTG	S -> L	Nalidixic acid,Ciprofloxacin	8891148	SafeFoodERA_ESBL_097
gyrA p.D87G	GAC -> GGC	D -> G	Nalidixic acid,Ciprofloxacin	12654733	SafeFoodERA_ESBL_423
gyrA p.S83L	TCG -> TTG	S -> L	Nalidixic acid,Ciprofloxacin	8891148	SafeFoodERA_ESBL_582
gyrA p.D87N	GAC -> AAC	D -> N	Nalidixic acid,Ciprofloxacin	12654733	SafeFoodERA_ESBL_582
parC p.E84K	GAA -> AAA	E -> K	Nalidixic acid,Ciprofloxacin	8524852	SafeFoodERA_ESBL_582
gyrA p.S83L	TCG -> TTG	S -> L	Nalidixic acid,Ciprofloxacin	8891148	SRR10502058
gyrA p.S83L	TCG -> TTG	S -> L	Nalidixic acid,Ciprofloxacin	8891148	SRR1314427
gyrA p.S83L	TCG -> TTG	S -> L	Nalidixic acid,Ciprofloxacin	8891148	SRR5943573
gyrA p.S83L	TCG -> TTG	S -> L	Nalidixic acid,Ciprofloxacin	8891148	SRR6292797
gyrA p.S83L	TCG -> TTG	S -> L	Nalidixic acid,Ciprofloxacin	8891148	SRR6497963
gyrA p.S83L	TCG -> TTG	S -> L	Nalidixic acid,Ciprofloxacin	8891148	SRR6701906
gyrA p.S83L	TCG -> TTG	S -> L	Nalidixic acid,Ciprofloxacin	8891148	SRR6724040
gyrA p.S83L	TCG -> TTG	S -> L	Nalidixic acid,Ciprofloxacin	8891148	SRR6724042
gyrA p.S83L	TCG -> TTG	S -> L	Nalidixic acid,Ciprofloxacin	8891148	SRR6724044
gyrA p.S83L	TCG -> TTG	S -> L	Nalidixic acid,Ciprofloxacin	8891148	SRR6724076
gyrA p.S83L	TCG -> TTG	S -> L	Nalidixic acid,Ciprofloxacin	8891148	SRR7693678
gyrA p.S83L	TCG -> TTG	S -> L	Nalidixic acid,Ciprofloxacin	8891148	SRR7724751
gyrA p.S83L	TCG -> TTG	S -> L	Nalidixic acid,Ciprofloxacin	8891148	SRR7828700
gyrA p.S83L	TCG -> TTG	S -> L	Nalidixic acid,Ciprofloxacin	8891148	SRR7828790
gyrA p.S83L	TCG -> TTG	S -> L	Nalidixic acid,Ciprofloxacin	8891148	SRR8095675
gyrA p.S83L	TCG -> TTG	S -> L	Nalidixic acid,Ciprofloxacin	8891148	SRR8095770
gyrA p.S83L	TCG -> TTG	S -> L	Nalidixic acid,Ciprofloxacin	8891148	SRR8095949
gyrA p.S83L	TCG -> TTG	S -> L	Nalidixic acid,Ciprofloxacin	8891148	SRR8381451
gyrA p.S83L	TCG -> TTG	S -> L	Nalidixic acid,Ciprofloxacin	8891148	SRR8502394
gyrA p.S83L	TCG -> TTG	S -> L	Nalidixic acid,Ciprofloxacin	8891148	SRR8502414
gyrA p.S83L	TCG -> TTG	S -> L	Nalidixic acid,Ciprofloxacin	8891148	SRR8502430
gyrA p.S83L	TCG -> TTG	S -> L	Nalidixic acid,Ciprofloxacin	8891148	SRR8533708
gyrA p.S83L	TCG -> TTG	S -> L	Nalidixic acid,Ciprofloxacin	8891148	SRR8582168
gyrA p.S83L	TCG -> TTG	S -> L	Nalidixic acid,Ciprofloxacin	8891148	SRR9616006
gyrA p.S83L	TCG -> TTG	S -> L	Nalidixic acid,Ciprofloxacin	8891148	SRR9824445
gyrA p.S83L	TCG -> TTG	S -> L	Nalidixic acid,Ciprofloxacin	8891148	SRR9913825
gyrA p.D87N	GAC -> AAC	D -> N	Nalidixic acid,Ciprofloxacin	12654733	SRR9913825
parC p.S80I	AGC -> ATC	S -> I	Nalidixic acid,Ciprofloxacin	8851598	SRR9913825
gyrA p.S83L	TCG -> TTG	S -> L	Nalidixic acid,Ciprofloxacin	8891148	SRR9913910
gyrA p.S83L	TCG -> TTG	S -> L	Nalidixic acid,Ciprofloxacin	8891148	SS_2_G2
gyrA p.S83L	TCG -> TTG	S -> L	Nalidixic acid,Ciprofloxacin	8891148	SS_2_H5
gyrA p.S83L	TCG -> TTG	S -> L	Nalidixic acid,Ciprofloxacin	8891148	SS_3_G3
gyrA p.S83L	TCG -> TTG	S -> L	Nalidixic acid,Ciprofloxacin	8891148	SS_5_B4
gyrA p.S83L	TCG -> TTG	S -> L	Nalidixic acid,Ciprofloxacin	8891148	Vlees_ESBL_2013_0170
